tmID,spbo,match
3 de Febrero,3 de Febrero,0
Aachen,Aachen,0
Aalesund,Aalesund,0
Aarau,Aarau,0
Aberdeen,Aberdeen,0
AC Kajaani,AC Kajaani,0
AC Milan,AC Milan,0
AC Oulu,AC Oulu,0
Academico Viseu,Academico Viseu,0
Accrington Stanley,Accrington Stanley,0
ACS Poli Timisoara,ACS Poli Timisoara,0
Adanaspor,Adanaspor,0
Adelaide United,Adelaide United,0
AEK Athens,AEK Athens,0
AFC United,AFC United,0
AFC Wimbledon,AFC Wimbledon,0
AGOVV Apeldoorn,AGOVV Apeldoorn,0
Aguilas Doradas,Aguilas Doradas,0
Ajaccio,Ajaccio,0
Ajax,Ajax,0
Alanyaspor,Alanyaspor,0
Alashkert,Alashkert,0
Alaves,Alaves,0
Albacete,Albacete,0
Albania,Albania,0
Albania U21,Albania U21,0
Albinoleffe,Albinoleffe,0
Albion Rovers,Albion Rovers,0
Albirex Niigata,Albirex Niigata,0
Alcorcon,Alcorcon,0
Aldershot,Aldershot,0
Aldosivi,Aldosivi,0
Algard,Algard,0
Algeria,Algeria,0
Alianza Lima,Alianza Lima,0
Alianza Petrolera,Alianza Petrolera,0
All Boys,All Boys,0
Alloa,Alloa,0
Almere City,Almere City,0
Almeria,Almeria,0
Alta,Alta,0
Altach,Altach,0
Altinordu,Altinordu,0
Altrincham,Altrincham,0
Amiens,Amiens,0
Amkar Perm,Amkar Perm,0
Anderlecht,Anderlecht,0
Andorra,Andorra,0
Angelholms,Angelholms,0
Angers,Angers,0
Angola,Angola,0
Ankaragucu,Ankaragucu,0
Antalyaspor,Antalyaspor,0
Antofagasta,Antofagasta,0
Anzoategui,Anzoategui,0
Arbroath,Arbroath,0
Argentina,Argentina,0
Arka Gdynia,Arka Gdynia,0
Armenia,Armenia,0
Armenia U21,Armenia U21,0
Arminia Bielefeld,Arminia Bielefeld,0
Arouca,Arouca,0
Arsenal,Arsenal,0
Arsenal Kyiv,Arsenal Kyiv,0
Arsenal Tula,Arsenal Tula,0
Ascoli,Ascoli,0
Asker,Asker,0
Assyriska,Assyriska,0
Asteras Tripolis,Asteras Tripolis,0
Aston Villa,Aston Villa,0
Astoria Walldorf,Astoria Walldorf,0
Astra Giurgiu,Astra Giurgiu,0
Atalanta,Atalanta,0
Athlone Town,Athlone Town,0
Atlantas,Atlantas,0
Atlante,Atlante,0
Atlas,Atlas,0
Atletico Goianiense,Atletico Goianiense,0
Atletico Madrid,Atletico Madrid,0
Atletico Mineiro,Atletico Mineiro,0
Atletico Nacional,Atletico Nacional,0
Atletico Paranaense,Atletico Paranaense,0
Atletico Rafaela,Atletico Rafaela,0
Atletico Tucuman,Atletico Tucuman,0
Atvidaberg,Atvidaberg,0
Audax Italiano,Audax Italiano,0
Augsburg,Augsburg,0
Australia,Australia,0
Austria,Austria,0
Austria Lustenau,Austria Lustenau,0
Austria Wien,Austria Wien,0
Avellino,Avellino,0
Avispa Fukuoka,Avispa Fukuoka,0
Ayr United,Ayr United,0
AZ Alkmaar,AZ Alkmaar,0
Azerbaijan,Azerbaijan,0
Baerum,Baerum,0
Bahrain,Bahrain,0
Baia Zugdidi,Baia Zugdidi,0
Balikesirspor,Balikesirspor,0
Banants,Banants,0
Banfield,Banfield,0
Banga Gargzdai,Banga Gargzdai,0
Barcelona,Barcelona,0
Barcelona B,Barcelona B,0
Bari,Bari,0
Barnechea,Barnechea,0
Barnet,Barnet,0
Barnsley,Barnsley,0
Barrow,Barrow,0
Basel,Basel,0
Basingstoke,Basingstoke,0
Bastia,Bastia,0
BATE Borisov,BATE Borisov,0
Bath City,Bath City,0
Bayonne,Bayonne,0
Beira Mar,Beira Mar,0
Beitar Jerusalem,Beitar Jerusalem,0
Belarus,Belarus,0
Belarus U21,Belarus U21,0
Belchatow,Belchatow,0
Belenenses,Belenenses,0
Belgium,Belgium,0
Belgium U21,Belgium U21,0
Bellinzona,Bellinzona,0
Benevento,Benevento,0
Benfica,Benfica,0
Besiktas,Besiktas,0
BFC Daugavpils,BFC Daugavpils,0
Birkirkara,Birkirkara,0
Bishops Stortford,Bishops Stortford,0
Blackpool,Blackpool,0
Bnei Yehuda Tel Aviv,Bnei Yehuda Tel Aviv,0
Boa EC,Boa EC,0
Boavista,Boavista,0
Boca Juniors,Boca Juniors,0
Boca Unidos,Boca Unidos,0
Bochum,Bochum,0
Bohemians,Bohemians,0
Bohemians 1905,Bohemians 1905,0
Bolivia,Bolivia,0
Bologna,Bologna,0
Boluspor,Boluspor,0
Bordeaux,Bordeaux,0
Boreham Wood,Boreham Wood,0
Bossekop,Bossekop,0
Botosani,Botosani,0
Boulogne,Boulogne,0
Bournemouth,Bournemouth,0
Boyaca Chico,Boyaca Chico,0
Bradford,Bradford,0
Bradford Park Avenue,Bradford Park Avenue,0
Bragantino SP,Bragantino SP,0
Braintree,Braintree,0
Brann,Brann,0
Brann B,Brann B,0
Brasov,Brasov,0
Braunschweig,Braunschweig,0
Brazil,Brazil,0
Breidablik,Breidablik,0
Brescia,Brescia,0
Brest,Brest,0
Brisbane Roar,Brisbane Roar,0
Bristol City,Bristol City,0
Bristol Rovers,Bristol Rovers,0
Brno,Brno,0
Bromley,Bromley,0
Brommapojkarna,Brommapojkarna,0
Brondby,Brondby,0
Bronshoj,Bronshoj,0
Brumunddal,Brumunddal,0
Bryne,Bryne,0
Bucaspor,Bucaspor,0
Bucheon 1995,Bucheon 1995,0
Budapest Honved,Budapest Honved,0
Buducnost Podgorica,Buducnost Podgorica,0
Bulgaria,Bulgaria,0
Burkina Faso,Burkina Faso,0
Burnley,Burnley,0
Bursaspor,Bursaspor,0
Bury,Bury,0
BW Linz,BW Linz,0
Bytovia Bytow,Bytovia Bytow,0
CA Bastia,CA Bastia,0
Caen,Caen,0
Cagliari,Cagliari,0
Cambuur,Cambuur,0
Cameroon,Cameroon,0
Cannes,Cannes,0
Cape Verde Islands,Cape Verde Islands,0
Carquefou,Carquefou,0
Cartagena,Cartagena,0
Cartagines,Cartagines,0
Catania,Catania,0
Catanzaro,Catanzaro,0
CD Chivas USA,CD Chivas USA,0
Ceahlaul,Ceahlaul,0
Celaya,Celaya,0
Celtic,Celtic,0
Central Coast Mariners,Central Coast Mariners,0
Cercle Brugge,Cercle Brugge,0
Cerezo Osaka,Cerezo Osaka,0
Cerro Porteno,Cerro Porteno,0
Cesena,Cesena,0
CFR Cluj,CFR Cluj,0
Chacarita Juniors,Chacarita Juniors,0
Changchun Yatai,Changchun Yatai,0
Chateauroux,Chateauroux,0
Chaves,Chaves,0
Chelsea,Chelsea,0
Cheltenham,Cheltenham,0
Chemnitzer,Chemnitzer,0
Cheonan City,Cheonan City,0
Chesterfield,Chesterfield,0
Chiasso,Chiasso,0
Chicago Fire,Chicago Fire,0
Chievo,Chievo,0
Chikhura Sachkhere,Chikhura Sachkhere,0
Chile,Chile,0
China,China,0
Chivas Guadalajara,Chivas Guadalajara,0
Chojniczanka Chojnice,Chojniczanka Chojnice,0
Chongqing Lifan,Chongqing Lifan,0
Chrobry Glogow,Chrobry Glogow,0
Chungju Hummel,Chungju Hummel,0
Chunnam Dragons,Chunnam Dragons,0
Cienciano,Cienciano,0
Cittadella,Cittadella,0
Clermont,Clermont,0
Cliftonville,Cliftonville,0
Club Brugge,Club Brugge,0
Clyde,Clyde,0
Cobh Ramblers,Cobh Ramblers,0
Cobresal,Cobresal,0
Colchester,Colchester,0
Colmar,Colmar,0
Colo Colo,Colo Colo,0
Colombia,Colombia,0
Colomiers,Colomiers,0
Colon Santa Fe,Colon Santa Fe,0
Colorado Rapids,Colorado Rapids,0
Columbus Crew,Columbus Crew,0
Como,Como,0
Concord Rangers,Concord Rangers,0
Congo,Congo,0
Consadole Sapporo,Consadole Sapporo,0
Cordoba,Cordoba,0
Coritiba,Coritiba,0
Cork City,Cork City,0
Costa Rica,Costa Rica,0
Coventry,Coventry,0
Cowdenbeath,Cowdenbeath,0
Cracovia Krakow,Cracovia Krakow,0
Cremonese,Cremonese,0
Creteil,Creteil,0
Crewe,Crewe,0
Criciuma,Criciuma,0
Croatia,Croatia,0
Crotone,Crotone,0
Crusaders,Crusaders,0
Cruz Azul,Cruz Azul,0
Crystal Palace,Crystal Palace,0
CS Vise,CS Vise,0
CSKA Moscow,CSKA Moscow,0
CSKA Sofia,CSKA Sofia,0
CSMS Iasi,CSMS Iasi,0
Cucuta Deportivo,Cucuta Deportivo,0
Cuneo,Cuneo,0
Cyprus,Cyprus,0
Czech Republic,Czech Republic,0
Czech Republic U21,Czech Republic U21,0
Daejeon Citizen,Daejeon Citizen,0
Darlington,Darlington,0
Dartford,Dartford,0
Daugava Daugavpils,Daugava Daugavpils,0
Degerfors,Degerfors,0
Delemont,Delemont,0
Den Bosch,Den Bosch,0
Den Haag,Den Haag,0
Denizlispor,Denizlispor,0
Denmark,Denmark,0
Denmark U21,Denmark U21,0
Deportes Iquique,Deportes Iquique,0
Deportes Tolima,Deportes Tolima,0
Deportivo Cali,Deportivo Cali,0
Deportivo Capiata,Deportivo Capiata,0
Deportivo Cuenca,Deportivo Cuenca,0
Deportivo La Coruna,Deportivo La Coruna,0
Deportivo Merlo,Deportivo Merlo,0
Deportivo Quevedo,Deportivo Quevedo,0
Deportivo Quito,Deportivo Quito,0
Derby,Derby,0
Derry City,Derry City,0
Desamparados,Desamparados,0
Desportivo Aves,Desportivo Aves,0
Dessel Sport,Dessel Sport,0
Dijon,Dijon,0
Dila Gori,Dila Gori,0
Dinamo Brest,Dinamo Brest,0
Dinamo Bucharest,Dinamo Bucharest,0
Dinamo Minsk,Dinamo Minsk,0
Dinamo Moscow,Dinamo Moscow,0
Dinamo Tbilisi,Dinamo Tbilisi,0
Dinamo Zagreb,Dinamo Zagreb,0
Dolcan Zabki,Dolcan Zabki,0
Doncaster,Doncaster,0
Donji Srem,Donji Srem,0
Dorchester,Dorchester,0
Dordrecht,Dordrecht,0
Dortmund,Dortmund,0
Drogheda United,Drogheda United,0
Dukla Prague,Dukla Prague,0
Dumbarton,Dumbarton,0
Dundalk,Dundalk,0
Dundee United,Dundee United,0
Dunfermline,Dunfermline,0
Dunkerque,Dunkerque,0
Dynamo Dresden,Dynamo Dresden,0
Dynamo Kyiv,Dynamo Kyiv,0
East Fife,East Fife,0
East Stirling,East Stirling,0
Eastleigh,Eastleigh,0
Ecuador,Ecuador,0
Eendracht Aalst,Eendracht Aalst,0
Egypt,Egypt,0
Eibar,Eibar,0
Ekranas,Ekranas,0
El Salvador,El Salvador,0
Elazigspor,Elazigspor,0
Elche,Elche,0
Elfsborg,Elfsborg,0
Elgin,Elgin,0
Elversberg,Elversberg,0
Elverum,Elverum,0
Emmen,Emmen,0
Empoli,Empoli,0
England,England,0
England U21,England U21,0
Envigado,Envigado,0
Equatorial Guinea,Equatorial Guinea,0
Erzgebirge Aue,Erzgebirge Aue,0
Esbjerg,Esbjerg,0
Eskisehirspor,Eskisehirspor,0
Espanyol,Espanyol,0
Esperia Viareggio,Esperia Viareggio,0
Estonia,Estonia,0
Estonia U21,Estonia U21,0
Estoril,Estoril,0
Eupen,Eupen,0
Everton,Everton,0
Evian Thonon Gaillard,Evian Thonon Gaillard,0
Fagiano Okayama,Fagiano Okayama,0
Falkirk,Falkirk,0
Farense,Farense,0
Farnborough,Farnborough,0
Faroe Islands,Faroe Islands,0
FC Dallas,FC Dallas,0
FC Eindhoven,FC Eindhoven,0
FC Minsk,FC Minsk,0
FC Oss,FC Oss,0
FC Seoul,FC Seoul,0
FC Tokyo,FC Tokyo,0
Feirense,Feirense,0
Fenerbahce,Fenerbahce,0
Fethiyespor,Fethiyespor,0
Feyenoord,Feyenoord,0
Figueirense,Figueirense,0
Finland,Finland,0
Finn Harps,Finn Harps,0
Fiorentina,Fiorentina,0
First Vienna,First Vienna,0
Fjolnir,Fjolnir,0
FK Baku,FK Baku,0
Flamurtari Vlore,Flamurtari Vlore,0
Flekkeroy,Flekkeroy,0
Flora Paide,Flora Paide,0
Floriana,Floriana,0
Flota Swinoujscie,Flota Swinoujscie,0
Follo,Follo,0
Forest Green,Forest Green,0
Fortuna Koln,Fortuna Koln,0
Fortuna Sittard,Fortuna Sittard,0
France,France,0
France U21,France U21,0
Freamunde,Freamunde,0
Fredericia,Fredericia,0
Fredrikstad,Fredrikstad,0
Freiburg,Freiburg,0
Frejus,Frejus,0
Frosinone,Frosinone,0
FSV Frankfurt,FSV Frankfurt,0
FT Braunschweig,FT Braunschweig,0
Fulham,Fulham,0
Fylkir,Fylkir,0
Fyllingsdalen,Fyllingsdalen,0
Gabon,Gabon,0
Gainare Tottori,Gainare Tottori,0
GAIS,GAIS,0
Galatasaray,Galatasaray,0
Gamba Osaka,Gamba Osaka,0
Gandzasar Kapan,Gandzasar Kapan,0
Gateshead,Gateshead,0
Gaz Metan Medias,Gaz Metan Medias,0
Gaziantep BB,Gaziantep BB,0
Gaziantepspor,Gaziantepspor,0
Gefle,Gefle,0
Genoa,Genoa,0
Georgia,Georgia,0
Germany,Germany,0
Germany U21,Germany U21,0
Getafe,Getafe,0
Ghana,Ghana,0
GIF Sundsvall,GIF Sundsvall,0
Gifu,Gifu,0
Gil Vicente,Gil Vicente,0
Gillingham,Gillingham,0
Gimnasia Jujuy,Gimnasia Jujuy,0
Gimnasia La Plata,Gimnasia La Plata,0
Gimnastic Tarragona,Gimnastic Tarragona,0
Giravanz Kitakyushu,Giravanz Kitakyushu,0
Giresunspor,Giresunspor,0
Girona,Girona,0
Gjovik Lyn,Gjovik Lyn,0
GKS Tychy,GKS Tychy,0
Go Ahead Eagles,Go Ahead Eagles,0
Godoy Cruz,Godoy Cruz,0
Goias,Goias,0
Gold Coast United,Gold Coast United,0
Gornik Zabrze,Gornik Zabrze,0
Granada,Granada,0
Grasshoppers,Grasshoppers,0
Greece,Greece,0
Greece U21,Greece U21,0
Grenoble,Grenoble,0
Greuther Furth,Greuther Furth,0
Grimsby,Grimsby,0
Grindavik,Grindavik,0
Groningen,Groningen,0
Grosseto,Grosseto,0
Guaratingueta,Guaratingueta,0
Gubbio,Gubbio,0
Guillermo Brown,Guillermo Brown,0
Guimaraes,Guimaraes,0
Guinea,Guinea,0
Guingamp,Guingamp,0
Guiseley,Guiseley,0
Guizhou Renhe,Guizhou Renhe,0
Gulbene 2005,Gulbene 2005,0
Gwangju FC,Gwangju FC,0
Gyeongnam,Gyeongnam,0
Haiti,Haiti,0
Hajduk Split,Hajduk Split,0
Haka,Haka,0
Hallescher,Hallescher,0
Halmia,Halmia,0
Hameenlinna,Hameenlinna,0
Hamilton,Hamilton,0
Hammarby,Hammarby,0
Hannover 96,Hannover 96,0
Hansa Rostock,Hansa Rostock,0
Hapoel Ironi Kiryat Shmona,Hapoel Ironi Kiryat Shmona,0
Hapoel Petah Tikva,Hapoel Petah Tikva,0
Hapoel Tel Aviv,Hapoel Tel Aviv,0
Haras El Hedoud,Haras El Hedoud,0
Harrogate Town,Harrogate Town,0
Harstad,Harstad,0
Hartberg,Hartberg,0
Hartlepool,Hartlepool,0
Haukar,Haukar,0
HB Koge,HB Koge,0
Hearts,Hearts,0
Heerenveen,Heerenveen,0
Heidenheim,Heidenheim,0
Helmond,Helmond,0
Helsingborg,Helsingborg,0
Henan Jianye,Henan Jianye,0
Hennef 05,Hennef 05,0
Heracles,Heracles,0
Herediano,Herediano,0
Hessen Kassel,Hessen Kassel,0
Hibernian,Hibernian,0
HIFK,HIFK,0
Hobro,Hobro,0
Hoffenheim,Hoffenheim,0
Holstein Kiel,Holstein Kiel,0
Honduras,Honduras,0
Honefoss,Honefoss,0
Horsens,Horsens,0
Hottur Egilsstadir,Hottur Egilsstadir,0
Houston Dynamo,Houston Dynamo,0
Hradec Kralove,Hradec Kralove,0
Huachipato,Huachipato,0
Huesca,Huesca,0
Hungary,Hungary,0
Husqvarna,Husqvarna,0
Hvidovre,Hvidovre,0
Hyde,Hyde,0
IA Akranes,IA Akranes,0
IBV Vestmannaeyjar,IBV Vestmannaeyjar,0
Iceland,Iceland,0
Iceland U21,Iceland U21,0
IFK Norrkoping,IFK Norrkoping,0
IFK Varnamo,IFK Varnamo,0
Ilves,Ilves,0
Incheon United,Incheon United,0
Independiente,Independiente,0
Independiente Rivadavia,Independiente Rivadavia,0
Ingolstadt,Ingolstadt,0
Inter Baku,Inter Baku,0
Inter Milan,Inter Milan,0
Inter Turku,Inter Turku,0
Inter Zapresic,Inter Zapresic,0
Internacional,Internacional,0
Ipswich,Ipswich,0
Iran,Iran,0
Iraq,Iraq,0
Ireland,Ireland,0
Israel,Israel,0
Israel U21,Israel U21,0
Istres,Istres,0
Italy,Italy,0
Italy U21,Italy U21,0
Jagodina,Jagodina,0
Jaguares Cordoba,Jaguares Cordoba,0
Jamaica,Jamaica,0
Jammerbugt,Jammerbugt,0
Japan,Japan,0
Japan Women,Japan Women,0
Jaro,Jaro,0
Jedinstvo Bijelo Polje,Jedinstvo Bijelo Polje,0
Jeju United,Jeju United,0
Jelgava,Jelgava,0
Jiangsu Shuntian,Jiangsu Shuntian,0
Joinville,Joinville,0
Jong Ajax,Jong Ajax,0
Jong Twente,Jong Twente,0
Jonkopings Sodra,Jonkopings Sodra,0
Jordan,Jordan,0
Jorge Wilstermann,Jorge Wilstermann,0
Jose Galvez,Jose Galvez,0
Jubilo Iwata,Jubilo Iwata,0
Juve Stabia,Juve Stabia,0
Juventus,Juventus,0
KA Akureyri,KA Akureyri,0
Kahramanmarasspor,Kahramanmarasspor,0
Kairat Almaty,Kairat Almaty,0
Kaisar Kyzylorda,Kaisar Kyzylorda,0
Kaiserslautern,Kaiserslautern,0
Kalloni,Kalloni,0
Kamatamare Sanuki,Kamatamare Sanuki,0
Kapfenberg,Kapfenberg,0
Karabukspor,Karabukspor,0
Karpaty Lviv,Karpaty Lviv,0
Karsiyaka,Karsiyaka,0
Kashima Antlers,Kashima Antlers,0
Kashiwa Reysol,Kashiwa Reysol,0
Kataller Toyama,Kataller Toyama,0
Kawasaki Frontale,Kawasaki Frontale,0
Kayserispor,Kayserispor,0
Kazakhstan,Kazakhstan,0
Keflavik,Keflavik,0
Kerkyra,Kerkyra,0
Kettering,Kettering,0
Kidderminster,Kidderminster,0
Kilmarnock,Kilmarnock,0
Kjelsas,Kjelsas,0
Kongsvinger,Kongsvinger,0
KooTeePee,KooTeePee,0
Korona Kielce,Korona Kielce,0
Kortrijk,Kortrijk,0
KR Reykjavik,KR Reykjavik,0
Kriens,Kriens,0
Kuban Krasnodar,Kuban Krasnodar,0
Kuwait,Kuwait,0
KV Mechelen,KV Mechelen,0
Kvik Halden,Kvik Halden,0
La Equidad,La Equidad,0
La Serena,La Serena,0
Lahti,Lahti,0
Lanciano,Lanciano,0
Landskrona,Landskrona,0
Lanus,Lanus,0
Larisa,Larisa,0
LASK Linz,LASK Linz,0
Latina,Latina,0
Latvia,Latvia,0
Lausanne,Lausanne,0
Laval,Laval,0
Lazio,Lazio,0
Le Havre,Le Havre,0
Le Mans,Le Mans,0
Le Mont,Le Mont,0
Leamington,Leamington,0
Lecce,Lecce,0
Lech Poznan,Lech Poznan,0
Leganes,Leganes,0
Leixoes,Leixoes,0
Lens,Lens,0
Leon de Huanuco,Leon de Huanuco,0
Levadiakos,Levadiakos,0
Levanger,Levanger,0
Levante,Levante,0
Leverkusen,Leverkusen,0
Leyton Orient,Leyton Orient,0
Liaoning Hongyun,Liaoning Hongyun,0
Liechtenstein,Liechtenstein,0
Liefering,Liefering,0
Lille,Lille,0
Lillestrom,Lillestrom,0
Limerick,Limerick,0
Limhamn Bunkeflo,Limhamn Bunkeflo,0
Limon,Limon,0
Linfield,Linfield,0
Lithuania,Lithuania,0
Lithuania U21,Lithuania U21,0
Liverpool,Liverpool,0
Livingston,Livingston,0
Livorno,Livorno,0
Ljungskile,Ljungskile,0
LKS Lodz,LKS Lodz,0
Locarno,Locarno,0
Lokeren,Lokeren,0
Lokomotiv Astana,Lokomotiv Astana,0
Lokomotiv Moscow,Lokomotiv Moscow,0
Lokomotiva Zagreb,Lokomotiva Zagreb,0
Lommel United,Lommel United,0
Longford Town,Longford Town,0
Lorient,Lorient,0
Los Angeles Galaxy,Los Angeles Galaxy,0
Lovcen Cetinje,Lovcen Cetinje,0
Lucon,Lucon,0
Ludogorets Razgrad,Ludogorets Razgrad,0
Lugano,Lugano,0
Lumezzane,Lumezzane,0
Luverdense,Luverdense,0
Luxembourg,Luxembourg,0
Luzenac,Luzenac,0
Luzern,Luzern,0
Lyn,Lyn,0
Lyngby,Lyngby,0
Lyon,Lyon,0
Maccabi Haifa,Maccabi Haifa,0
Maccabi Netanya,Maccabi Netanya,0
Maccabi Tel Aviv,Maccabi Tel Aviv,0
Macclesfield,Macclesfield,0
Machida Zelvia,Machida Zelvia,0
Magdeburg,Magdeburg,0
Malaga,Malaga,0
Malawi,Malawi,0
Mali,Mali,0
Mallorca,Mallorca,0
Malta,Malta,0
Mandalskameratene,Mandalskameratene,0
Mansfield,Mansfield,0
Manta,Manta,0
Mantova,Mantova,0
Marienlyst,Marienlyst,0
Maritimo,Maritimo,0
Marseille,Marseille,0
Matsumoto Yamaga,Matsumoto Yamaga,0
Mattersburg,Mattersburg,0
Melbourne City,Melbourne City,0
Melbourne Victory,Melbourne Victory,0
Meppen,Meppen,0
Merani Martvili,Merani Martvili,0
Mervue United,Mervue United,0
Metalurgi Rustavi,Metalurgi Rustavi,0
Metz,Metz,0
Mexico,Mexico,0
Mezokovesd Zsory,Mezokovesd Zsory,0
MFK Kosice,MFK Kosice,0
Middlesbrough,Middlesbrough,0
Midtjylland,Midtjylland,0
Miedz Legnica,Miedz Legnica,0
Millwall,Millwall,0
Milsami Orhei,Milsami Orhei,0
Mineros de Zacatecas,Mineros de Zacatecas,0
Mirandes,Mirandes,0
Mito Hollyhock,Mito Hollyhock,0
Mjallby AIF,Mjallby AIF,0
Mjondalen,Mjondalen,0
Mlada Boleslav,Mlada Boleslav,0
Mladost Podgorica,Mladost Podgorica,0
Modena,Modena,0
Mogren Budva,Mogren Budva,0
Mokpo City,Mokpo City,0
Molde,Molde,0
Molde B,Molde B,0
Moldova,Moldova,0
Monaco,Monaco,0
Monchengladbach,Monchengladbach,0
Montedio Yamagata,Montedio Yamagata,0
Montenegro,Montenegro,0
Monterrey,Monterrey,0
Montpellier,Montpellier,0
Mordovia Saransk,Mordovia Saransk,0
Morecambe,Morecambe,0
Moreirense,Moreirense,0
Mornar Bar,Mornar Bar,0
Morocco,Morocco,0
Moss,Moss,0
Motherwell,Motherwell,0
MSV Duisburg,MSV Duisburg,0
Mushuc Runa,Mushuc Runa,0
MVV Maastricht,MVV Maastricht,0
NAC Breda,NAC Breda,0
Nacional Potosi,Nacional Potosi,0
Nacka FF,Nacka FF,0
Naestved,Naestved,0
Naftan,Naftan,0
Nagoya Grampus Eight,Nagoya Grampus Eight,0
Nancy,Nancy,0
Nantes,Nantes,0
Napoli,Napoli,0
Nardo,Nardo,0
Narpes Kraft,Narpes Kraft,0
Naval,Naval,0
NEC Nijmegen,NEC Nijmegen,0
Necaxa,Necaxa,0
Neman,Neman,0
Nesodden,Nesodden,0
Netherlands,Netherlands,0
Netherlands U21,Netherlands U21,0
Neustrelitz,Neustrelitz,0
New England Revolution,New England Revolution,0
New Zealand,New Zealand,0
New Zealand Women,New Zealand Women,0
Newcastle Jets,Newcastle Jets,0
Newport County,Newport County,0
Newtown,Newtown,0
Nice,Nice,0
Niger,Niger,0
Nigeria,Nigeria,0
Nimes,Nimes,0
Niort,Niort,0
NK Zagreb,NK Zagreb,0
Nocerina,Nocerina,0
Nordsjaelland,Nordsjaelland,0
Norrby,Norrby,0
Northampton,Northampton,0
Northern Ireland U21,Northern Ireland U21,0
Norway,Norway,0
Norway U21,Norway U21,0
Norwich,Norwich,0
Notodden,Notodden,0
Nottingen,Nottingen,0
Nottingham Forest,Nottingham Forest,0
Notts County,Notts County,0
Novara,Novara,0
Novi Pazar,Novi Pazar,0
Nublense,Nublense,0
Nueva Chicago,Nueva Chicago,0
Numancia,Numancia,0
Nuneaton,Nuneaton,0
Nurnberg,Nurnberg,0
Nybergsund,Nybergsund,0
Odd BK,Odd BK,0
Odd BK B,Odd BK B,0
OFK Beograd,OFK Beograd,0
Oita Trinita,Oita Trinita,0
Okzhetpes,Okzhetpes,0
Olhanense,Olhanense,0
Olimpia Grudziadz,Olimpia Grudziadz,0
Oliveirense,Oliveirense,0
Olympiakos,Olympiakos,0
Oman,Oman,0
Omiya Ardija,Omiya Ardija,0
Omonia Nicosia,Omonia Nicosia,0
Once Caldas,Once Caldas,0
Orduspor,Orduspor,0
Orebro,Orebro,0
Orgryte,Orgryte,0
Oriente Petrolero,Oriente Petrolero,0
Orleans,Orleans,0
Osasuna,Osasuna,0
Osijek,Osijek,0
Osmanlispor,Osmanlispor,0
Osnabruck,Osnabruck,0
Ostersunds,Ostersunds,0
Ostsiden,Ostsiden,0
Otelul Galati,Otelul Galati,0
Oud Heverlee Leuven,Oud Heverlee Leuven,0
Oudenaarde,Oudenaarde,0
Oxford City,Oxford City,0
Oxford United,Oxford United,0
Pachuca,Pachuca,0
Pacos Ferreira,Pacos Ferreira,0
Paderborn,Paderborn,0
Padova,Padova,0
Palermo,Palermo,0
Palestine,Palestine,0
Palestino,Palestino,0
Palmeiras,Palmeiras,0
Panama,Panama,0
Panathinaikos,Panathinaikos,0
Pandurii,Pandurii,0
Panionios,Panionios,0
Panserraikos,Panserraikos,0
Panthrakikos,Panthrakikos,0
PAOK Saloniki,PAOK Saloniki,0
Paraguay,Paraguay,0
Parana,Parana,0
Parma,Parma,0
Parndorf,Parndorf,0
Partick Thistle,Partick Thistle,0
Partizan Beograd,Partizan Beograd,0
PAS Giannina,PAS Giannina,0
Patriotas,Patriotas,0
Patronato Parana,Patronato Parana,0
Pavia,Pavia,0
Pecsi MFC,Pecsi MFC,0
Penafiel,Penafiel,0
Penarol,Penarol,0
Perth Glory,Perth Glory,0
Peru,Peru,0
Perugia,Perugia,0
Pescara,Pescara,0
Peterborough,Peterborough,0
Petrolul Ploiesti,Petrolul Ploiesti,0
Philadelphia Union,Philadelphia Union,0
Piacenza,Piacenza,0
Piast Gliwice,Piast Gliwice,0
Plymouth,Plymouth,0
Pogon Szczecin,Pogon Szczecin,0
Pohang Steelers,Pohang Steelers,0
Poland,Poland,0
Polonia Bytom,Polonia Bytom,0
Ponferradina,Ponferradina,0
Ponte Preta,Ponte Preta,0
PoPa,PoPa,0
Pors Grenland,Pors Grenland,0
Port Vale,Port Vale,0
Portadown,Portadown,0
Portimonense,Portimonense,0
Porto,Porto,0
Porto B,Porto B,0
Portogruaro,Portogruaro,0
Portsmouth,Portsmouth,0
Portugal,Portugal,0
Portugal U21,Portugal U21,0
Prato,Prato,0
Preston,Preston,0
Pribram,Pribram,0
Pro Patria,Pro Patria,0
Pro Vercelli,Pro Vercelli,0
PS Kemi Kings,PS Kemi Kings,0
PSV Eindhoven,PSV Eindhoven,0
Puebla,Puebla,0
Pyunik,Pyunik,0
Qatar,Qatar,0
Qormi,Qormi,0
Queen of the South,Queen of the South,0
Queens Park Rangers,Queens Park Rangers,0
Queretaro,Queretaro,0
Quilmes,Quilmes,0
Racing Mechelen,Racing Mechelen,0
Racing Santander,Racing Santander,0
Radnicki Nis,Radnicki Nis,0
Raith Rovers,Raith Rovers,0
Randaberg,Randaberg,0
Randers,Randers,0
Ranheim,Ranheim,0
Rapid Wien,Rapid Wien,0
Rayo Vallecano,Rayo Vallecano,0
RB Leipzig,RB Leipzig,0
RBC Roosendaal,RBC Roosendaal,0
Reading,Reading,0
Real Madrid,Real Madrid,0
Real Murcia,Real Murcia,0
Real Potosi,Real Potosi,0
Real Salt Lake,Real Salt Lake,0
Real Sociedad,Real Sociedad,0
Recreativo Huelva,Recreativo Huelva,0
Red Star,Red Star,0
Reggiana,Reggiana,0
Reggina,Reggina,0
Rennes,Rennes,0
Ried,Ried,0
Rio Ave,Rio Ave,0
River Plate,River Plate,0
Rizespor,Rizespor,0
Roasso Kumamoto,Roasso Kumamoto,0
Rochdale,Rochdale,0
Roda,Roda,0
Roma,Roma,0
Romania,Romania,0
Rosario,Rosario,0
Rosenborg,Rosenborg,0
Rosenborg B,Rosenborg B,0
Rosengard,Rosengard,0
Roskilde,Roskilde,0
Ross County,Ross County,0
Rostov,Rostov,0
Rotherham,Rotherham,0
Rouen,Rouen,0
Rubin Kazan,Rubin Kazan,0
Rubio Nu,Rubio Nu,0
Ruch Chorzow,Ruch Chorzow,0
Rupel Boom,Rupel Boom,0
Russia,Russia,0
Russia U21,Russia U21,0
Ruzomberok,Ruzomberok,0
RW Ahlen,RW Ahlen,0
RW Essen,RW Essen,0
Saarbrucken,Saarbrucken,0
Sabadell,Sabadell,0
Sagan Tosu,Sagan Tosu,0
Sageata Navodari,Sageata Navodari,0
Salamanca,Salamanca,0
Salernitana,Salernitana,0
Salisbury,Salisbury,0
Salzburg,Salzburg,0
Sampdoria,Sampdoria,0
Samsunspor,Samsunspor,0
San Jose,San Jose,0
San Jose Earthquakes,San Jose Earthquakes,0
San Lorenzo,San Lorenzo,0
San Marcos Arica,San Marcos Arica,0
Sandecja Nowy Sacz,Sandecja Nowy Sacz,0
Sandefjord,Sandefjord,0
Sandhausen,Sandhausen,0
Sangju Sangmu,Sangju Sangmu,0
Sanliurfaspor,Sanliurfaspor,0
Santa Clara,Santa Clara,0
Santiago Morning,Santiago Morning,0
Santiago Wanderers,Santiago Wanderers,0
Santos Laguna,Santos Laguna,0
Sao Paulo,Sao Paulo,0
Sarpsborg 08,Sarpsborg 08,0
Sassuolo,Sassuolo,0
Saudi Arabia,Saudi Arabia,0
Schaffhausen,Schaffhausen,0
Schalke 04,Schalke 04,0
Scotland,Scotland,0
Seattle Sounders,Seattle Sounders,0
Sedan,Sedan,0
Senegal,Senegal,0
Seraing United,Seraing United,0
Serbia,Serbia,0
Serbia U21,Serbia U21,0
Servette,Servette,0
Setubal,Setubal,0
Sevilla,Sevilla,0
Shakhtar Donetsk,Shakhtar Donetsk,0
Shamrock Rovers,Shamrock Rovers,0
Shandong Luneng,Shandong Luneng,0
Shanghai Shenhua,Shanghai Shenhua,0
Shanghai Shenxin,Shanghai Shenxin,0
Shelbourne,Shelbourne,0
Sheriff Tiraspol,Sheriff Tiraspol,0
Shijiazhuang Ever Bright,Shijiazhuang Ever Bright,0
Shonan Bellmare,Shonan Bellmare,0
Siauliai,Siauliai,0
Sierra Leone,Sierra Leone,0
Sigma Olomouc,Sigma Olomouc,0
Silkeborg,Silkeborg,0
Simurq Zaqatala,Simurq Zaqatala,0
Sion,Sion,0
Sioni Bolnisi,Sioni Bolnisi,0
Skoda Xanthi,Skoda Xanthi,0
Skonto Riga,Skonto Riga,0
Slask Wroclaw,Slask Wroclaw,0
Slaven Belupo,Slaven Belupo,0
Slavia Mozyr,Slavia Mozyr,0
Sliema Wanderers,Sliema Wanderers,0
Slovacko,Slovacko,0
Slovakia,Slovakia,0
Slovan Liberec,Slovan Liberec,0
Slovenia,Slovenia,0
Slovenia U21,Slovenia U21,0
Sochaux,Sochaux,0
Sogndal,Sogndal,0
Solihull,Solihull,0
SonderjyskE,SonderjyskE,0
Sonnenhof Grossaspach,Sonnenhof Grossaspach,0
South Africa,South Africa,0
Southampton,Southampton,0
Southport,Southport,0
Spain,Spain,0
Spain U21,Spain U21,0
Sparta Prague,Sparta Prague,0
Sparta Rotterdam,Sparta Rotterdam,0
Spartak Moscow,Spartak Moscow,0
Spartak Nalchik,Spartak Nalchik,0
Spartak Subotica,Spartak Subotica,0
Spartak Trnava,Spartak Trnava,0
Spartaks Jurmala,Spartaks Jurmala,0
Spezia,Spezia,0
Sport Boys Warnes,Sport Boys Warnes,0
Sportfreunde Lotte,Sportfreunde Lotte,0
Sporting Braga B,Sporting Braga B,0
Sporting Gijon,Sporting Gijon,0
Sporting Kansas City,Sporting Kansas City,0
Sporting Lisbon,Sporting Lisbon,0
Sporting Lisbon B,Sporting Lisbon B,0
Sportivo Luqueno,Sportivo Luqueno,0
St Gallen,St Gallen,0
St Johnstone,St Johnstone,0
St Mirren,St Mirren,0
St Pauli,St Pauli,0
Stabaek,Stabaek,0
Stabaek B,Stabaek B,0
Stade Nyonnais,Stade Nyonnais,0
Stalybridge,Stalybridge,0
Standard Liege,Standard Liege,0
Start,Start,0
Stenhousemuir,Stenhousemuir,0
Stevenage,Stevenage,0
Stirling Albion,Stirling Albion,0
Stjarnan,Stjarnan,0
Stockport,Stockport,0
Stord Sunnhordland,Stord Sunnhordland,0
Stranraer,Stranraer,0
Strommen,Strommen,0
Stromsgodset,Stromsgodset,0
Sturm Graz,Sturm Graz,0
Stuttgart,Stuttgart,0
Stuttgarter Kickers,Stuttgarter Kickers,0
Sunderland,Sunderland,0
Sunkar Qaskeleng,Sunkar Qaskeleng,0
Sutjeska Niksic,Sutjeska Niksic,0
Suwon Bluewings,Suwon Bluewings,0
Sweden,Sweden,0
Sweden U21,Sweden U21,0
Switzerland,Switzerland,0
Switzerland U21,Switzerland U21,0
Sydney FC,Sydney FC,0
Sylvia,Sylvia,0
Tallinna Kalev,Tallinna Kalev,0
Tamworth,Tamworth,0
Tarxien Rainbows,Tarxien Rainbows,0
Tavriya Simferopol,Tavriya Simferopol,0
Tecnico Universitario,Tecnico Universitario,0
Temperley,Temperley,0
Tenerife,Tenerife,0
Teplice,Teplice,0
Ternana,Ternana,0
Teuta Durres,Teuta Durres,0
Thor Akureyri,Thor Akureyri,0
Thun,Thun,0
Tianjin Teda,Tianjin Teda,0
Tigre,Tigre,0
Togo,Togo,0
Tokushima Vortis,Tokushima Vortis,0
Toluca,Toluca,0
Tonbridge Angels,Tonbridge Angels,0
Torino,Torino,0
Torpedo Kutaisi,Torpedo Kutaisi,0
Torpedo Moscow,Torpedo Moscow,0
Torpedo Zhodino,Torpedo Zhodino,0
Toulouse,Toulouse,0
Tours,Tours,0
Trabzonspor,Trabzonspor,0
Traeff,Traeff,0
Tranmere,Tranmere,0
Trelleborg,Trelleborg,0
Triestina,Triestina,0
Trofense,Trofense,0
Tromsdalen,Tromsdalen,0
Tromso,Tromso,0
Tromso B,Tromso B,0
Troyes,Troyes,0
Tubize,Tubize,0
Tunisia,Tunisia,0
Turkey,Turkey,0
UAE,UAE,0
UAE U23,UAE U23,0
Udinese,Udinese,0
Ujpest,Ujpest,0
Ukraine,Ukraine,0
Ukraine U21,Ukraine U21,0
Umea,Umea,0
Uniao Madeira,Uniao Madeira,0
Union Berlin,Union Berlin,0
Union Espanola,Union Espanola,0
Union La Calera,Union La Calera,0
Union San Felipe,Union San Felipe,0
Union Santa Fe,Union Santa Fe,0
Universidad Catolica,Universidad Catolica,0
Universidad Concepcion,Universidad Concepcion,0
Universidad de Chile,Universidad de Chile,0
Universitatea Cluj,Universitatea Cluj,0
Unterhaching,Unterhaching,0
Uruguay,Uruguay,0
Uruguay U23,Uruguay U23,0
USA,USA,0
Usti nad Labem,Usti nad Labem,0
Utrecht,Utrecht,0
Uzbekistan,Uzbekistan,0
Vaduz,Vaduz,0
Valencia,Valencia,0
Valenciennes,Valenciennes,0
Valerenga,Valerenga,0
Valerenga B,Valerenga B,0
Valladolid,Valladolid,0
Valsta Syrianska,Valsta Syrianska,0
Valur,Valur,0
Vannes,Vannes,0
Vard Haugesund,Vard Haugesund,0
Varese,Varese,0
Vasco da Gama,Vasco da Gama,0
Vegalta Sendai,Vegalta Sendai,0
Vejle,Vejle,0
Velez Sarsfield,Velez Sarsfield,0
Vendsyssel,Vendsyssel,0
Venezia,Venezia,0
Venezuela,Venezuela,0
Ventspils,Ventspils,0
Veracruz,Veracruz,0
Verbroedering Geel,Verbroedering Geel,0
Veria,Veria,0
Verona,Verona,0
Vestsjaelland,Vestsjaelland,0
Viborg,Viborg,0
Vicenza,Vicenza,0
Victoria Hamburg,Victoria Hamburg,0
Vidar,Vidar,0
Viikingit,Viikingit,0
Viitorul Constanta,Viitorul Constanta,0
Viking,Viking,0
Vikingur Olafsvik,Vikingur Olafsvik,0
Viktoria Koln,Viktoria Koln,0
Viktoria Zizkov,Viktoria Zizkov,0
Villarreal,Villarreal,0
Villarreal B,Villarreal B,0
Vindbjart,Vindbjart,0
Vissel Kobe,Vissel Kobe,0
Vitesse,Vitesse,0
Vitoria BA,Vitoria BA,0
Volendam,Volendam,0
Volga Nizhny Novgorod,Volga Nizhny Novgorod,0
Voluntari,Voluntari,0
Wacker Innsbruck,Wacker Innsbruck,0
Waldhof Mannheim,Waldhof Mannheim,0
Wales,Wales,0
Wales U21,Wales U21,0
Walsall,Walsall,0
Wanderers,Wanderers,0
Waterford United,Waterford United,0
Watford,Watford,0
Wehen,Wehen,0
Weiche Flensburg,Weiche Flensburg,0
Wellington Phoenix,Wellington Phoenix,0
Werder Bremen,Werder Bremen,0
West Ham,West Ham,0
Westerlo,Westerlo,0
Weston Super Mare,Weston Super Mare,0
Wexford Youths,Wexford Youths,0
White Star Bruxelles,White Star Bruxelles,0
Whitehawk,Whitehawk,0
Wiener Neustadt,Wiener Neustadt,0
Wigan,Wigan,0
Wigry Suwalki,Wigry Suwalki,0
Winterthur,Winterthur,0
Wisla Krakow,Wisla Krakow,0
Wisla Plock,Wisla Plock,0
Wohlen,Wohlen,0
Woking,Woking,0
Wolfsberger AC,Wolfsberger AC,0
Wolfsburg,Wolfsburg,0
Woluwe Zaventem,Woluwe Zaventem,0
Wolverhampton,Wolverhampton,0
Worcester,Worcester,0
Wrexham,Wrexham,0
Wurzburger Kickers,Wurzburger Kickers,0
Wycombe,Wycombe,0
Yongin City,Yongin City,0
YPA,YPA,0
Yverdon,Yverdon,0
Zadar,Zadar,0
Zaglebie Lubin,Zaglebie Lubin,0
Zalgiris Vilnius,Zalgiris Vilnius,0
Zambia,Zambia,0
Zenit St Petersburg,Zenit St Petersburg,0
Zestafoni,Zestafoni,0
Zimbru Chisinau,Zimbru Chisinau,0
Zlate Moravce,Zlate Moravce,0
Zulte Waregem,Zulte Waregem,0
Zurich,Zurich,0
Zwolle,Zwolle,0
12 de Octubre,12 De Octubre,1
Argentinos Juniors,Argentinos juniors,1
EsPa,ESPA,1
Goyang Hi,Goyang HI,1
Jippo,JIPPO,1
MyPa,Mypa,1
Newells Old Boys,Newells old boys,1
Nykopings BIS,Nykopings Bis,1
Varbergs Bois,Varbergs BoIS,1
Widzew Lodz,Widzew lodz,1
1FC Koln B,Koln II,2
Bayern Munich B,Bayern Munchen II,2
Benfica B,SL Benfica B,2
Braunschweig B,E. Braunschweig II,2
Cottbus B,Energie Cottbus II,2
Dortmund B,Borussia Dortmund II,2
Dusseldorf B,Fortuna Dusseldorf II,2
Guimaraes B,Vitoria Guimaraes B,2
Hamburger SV B,Hamburger II,2
Honka B,Pallohonka,2
Kaiserslautern B,Kaiserslautern II,2
Leverkusen B,Bayer Leverkusen II,2
Mainz 05 B,FSV Mainz 05 II,2
Maritimo B,CS Maritimo B,2
Monchengladbach B,Monchengladbach II,2
Real Madrid B,Real Madrid Castilla,2
Schalke 04 B,Schalke 04 II,2
SJK Seinajoki B,Kerho 07,2
St Pauli B,St Pauli II,2
Stromsgodset B,Stromsgodset II,2
Stuttgart B,VfB Stuttgart II,2
Werder Bremen B,Werder Bremen II,2
Wolfsburg B,VfL Wolfsburg II,2
Willem II,Willem II Tilburg,2
Arsenal Reserves,Arsenal Reserve,2
Blackpool Reserves,Blackpool Reserve,2
Chelsea Reserves,Chelsea Reserve,2
Liverpool Reserves,Liverpool Reserve,2
Man United Reserves,Manchester Utd Reserve,2
Newcastle Reserves,Newcastle Reserve,2
Sunderland Reserves,Sunderland Reserve,2
West Ham Reserves,West Ham Reserve,2
Wigan Reserves,Wigan Reserve,2
1860 Munchen,TSV 1860 Munchen,2
1FC Koln,Koln,2
AA Gent,Gent,2
AaB Aalborg,Aalborg,2
Aalen,Vfr Aalen,2
AB Copenhagen,AB Kobenhavn,2
ABC Natal,ABC Natal/RN,2
Academia Chisinau,Academia UTM,2
Academica,Academica Coimbra,2
Achilles 1929,Achilles,2
Adana Demirspor,Adanademirspor,2
Admira Wacker,Admira,2
AEK Larnaka,AEK Larnaca,2
AEL Lemesos,AEL Limassol,2
AGF Aarhus,Aarhus,2
AIK,Aabenraa BK,2
Airdrie United,AIK Solna,2
AJ Auxerre,Auxerre,2
Akhisar,Akhisar Belediyespor,2
Akropolis,Akropolis IF,2
Aktobe Lento,Aktobe,2
Alajuelense,LD Alajuelense,2
Alcoyano,CD Alcoyano,2
Alebrijes Oaxaca,Oaxaca,2
Alfreton,Alfreton Town,2
Almte Brown,Almirante Brown,2
America,Club America,2
America MG,America Mineiro,2
America Natal,America Natal/RN,2
Annan,Annan Athletic,2
Antwerp,Antwerpen,2
Anzhi Makhachkala,Anzhi,2
APOEL Nicosia,APOEL,2
Apollon Lemesos,Apollon Limassol,2
Apollon Smyrnis,Apollon Smirnis,2
Ararat Yerevan,Ararat,2
Aris Saloniki,Aris Salonika,2
Arles,AC Arles,2
Arsenal Sarandi,Arsenal de Sarandi,2
AS Trencin,Trencin,2
ASA Aripiraca,ASA/AL,2
ASA Targu Mures,Gaz Metan Targu Mures,2
Asane,Asane Fotball,2
ASK Olympiakos Volos,ASK Olympiakos Volou,2
Athletic Bilbao,Bilbao,2
Atletico CP,Atletico Clube Purtugal,2
Atletico Pro Piacenza,Pro Piacenza,2
Atromitos Athens,Atromitos,2
Atyrau,FK Atyrau,2
Autonoma,Universidad Autonoma,2
Avai Florianopolis,Avai/SC,2
AZAL PFC Baku,AZAL PFK Baku,2
Babelsberg,SV Babelsberg 03,2
Bahia,Bahia/BA,2
Banik Ostrava,Ostrava,2
Barcelona Guayaquil,Barcelona SC,2
Bayern Munich,Bayern Munchen,2
Beerschot,Germinal Beerschot,2
Beijing Gouan,Beijing Guoan,2
Belen Siglo,Belen Siglo XXI,2
Belgrano Cordoba,Belgrano,2
Belshina,Belshina Babruisk,2
Beroe Stara Zagora,Beroe,2
Betim,Ipatinga/MG,2
Betis,Real Betis,2
Biel Bienne,Biel-Bienne,2
Birmingham,Birmingham City,2
Blackburn,Blackburn Rovers,2
Boden,Bodens BK,2
Bodo Glimt,Bodo-Glimt,2
Bolivar La Paz,Bolivar,2
Bolton,Bolton Wanderers,2
Bolungarvik,BI/Bolungarvik,2
Bosnia Herzegovina,Bosnia,2
Boston,Boston United,2
Botafogo RJ,Botafogo,2
Boussu Borinage,Boussu,2
Brage,IK Brage,2
Bray Wanderers,Bray,2
Brechin,Brechin City,2
Brighton and Hove Albion,Brighton,2
Burton,Burton Albion,2
Busan I Park,Busan I'Park,2
CA Atlanta,Atlanta Christian,2
CA Huracan,Huracan Goya,2
Cabinteely,Cabinteely FC,2
Cambridge United,Cambridge Utd,2
Cardiff,Cardiff City,2
Carlisle,Carlisle United,2
Carmelita,AD Carmelita,2
Carpi 1909,Carpi,2
CD Everton,Everton VM,2
Ceara Fortaleza,Ceara/CE,2
Celta Vigo,Celta de Vigo,2
Ceske Budejovice,Budejovice,2
Changwon,Changwon City,2
Chapecoense,Chapecoense SC,2
Charlton,Carlton Town,2
Chelmsford,Chelmsford City,2
Chester,Chester City,2
Chiapas,Chiapas FC,2
Chonbuk Motors,Jeonbuk Hyundai Motors,2
Chornomorets Odesa,Chernomorets Odessa,2
Cloppenburg,BV Cloppenburg,2
Club Nacional,Nacional Asuncion,2
Club Olimpia,Club Olimpo,2
Clube Regatas Brasil Maceio,CRB/AL,2
Cobreloa,Cobreloa Calama,2
Concordia Chiajna,Concordia Chiajn,2
Congo DR,DR Congo,2
Corinthians SP,Brecon Corinthians,2
Corona Brasov,ASC Corona Brasov,2
Corporacion Tulua,Cortulua,2
Cottbus,Energie Cottbus,2
Crawley,Crawley Down,2
Crucero Norte,Crucero del Norte,2
Cruzeiro MG,Cruzeiro,2
CS Universitatea Craiova,Universitatea Craiova,2
Cukaricki Beograd,Cukaricki,2
CZ Jena,Carl Zeiss Jena,2
DAC 1904 Dunajska Streda,Dunajska Streda,2
Dacia,Dacia Chisinau,2
Daegu,Daegu FC,2
Dagenham and Redbridge,Dagenham & Red,2
Dalian Aerbin,Dalian Aerbin Yiteng,2
Dalkurd,Dalkurd FF,2
Darmstadt,Darmstadt 98,2
DC United,Washington DC United,2
Debrecen,Debreceni VSC,2
Defensa Justicia,Defensa y Justicia,2
Dender EH,FCV Dender,2
Deportivo Independiente Medellin,Independiente Medellin,2
Dinamo Auto,Dinamo-Auto,2
Diosgyor,Diosgyor VTK,2
Djurgarden,Djurgardens,2
Dnipro Dnipropetrovsk,Dnipro,2
Dover,Dover Athletic,2
Doxa Dramas,Doxa Drama,2
Dukla Banska Bystrica,Bystrica,2
Dundee FC,Dundee,2
Dungannon Swifts,Dungannon,2
Dusseldorf,Fortuna Dusseldorf,2
Eastbourne Borough,Eastbourne,2
Ebbsfleet,Ebbsfleet Utd,2
Ehime,Ehime FC,2
Eichede,SV Eichede,2
Eintracht Frankfurt,Frankfurt,2
El Ittihad El Iskandary,El Ittehad El Sakandary,2
El Tanque,El Tanque Sisley,2
Emelec Guayaquil,CS Emelec,2
Enskede,Enskede IK,2
Erciyesspor Kayseri,Kayseri Erciyesspor,2
Erfurt,Rot-Weiss Erfurt,2
Ergotelis,Ergotelis Creta,2
Ermis Aradippou,Ermis,2
Eskiltuna,Eskilstuna City,2
Estudiantes Caseros,Estudiantes BsAs,2
Estudiantes La Plata,Estudiantes,2
Estudiantes Tecos,Tecos,2
Excelsior,SBV Excelsior,2
Excelsior Virton,Virton,2
Exeter,Exeter City,2
FAC,Floridsdorfer AC,2
Falkenberg,Falkenbergs FF,2
FC Brussels,Brussels,2
FC Copenhagen,Kobenhavn,2
FC Espoo,Espoo,2
FC Jurmala,Jurmala,2
FC Krasnodar,Krasnodar,2
FC Lustenau,Lustenau,2
FC Olimpia Balti,Zaria Balti,2
FC Pasching,Superfund Pasching,2
FC Tiraspol,Tiraspol,2
FC Trollhattan,Trollhattan,2
FC Ufa,Farsley AFC,2
FC Vaslui,FK Ufa,2
FC Vitebsk,Vitebsk,2
Ferencvaros,Ferencvarosi TC,2
Ferro,Ferro Carrll Oeste,2
FH Hafnarfjordur,Hafnarfjordur,2
FK Dainava,Dainava Alytus,2
FK Tonsberg,Tonsberg,2
Flamengo RJ,Flamengo,2
Fleetwood,Fleetwood Town,2
Flora Tallinn,Flora Tallin,2
Fluminense RJ,Fluminense,2
Forfar,Forfar Athletic,2
Fortaleza FC,Fortaleza,2
Forward,Forward Orebro Bk,2
Fram FC,Fram Reykjavik,2
Frej Taby,IK Frej Taby,2
Fyn Odense,FC Fyn,2
Gainsborough Trinity,Gainsborough,2
Galway FC,Galway United FC,2
Galway United (Old),Galway United FC,2
Gangneung,Gangneung City,2
Gangwon,Changwon City,2
Gazelec Ajaccio,GFCO Ajaccio,2
Genclerbirligi Ankara,Genclerbirligi,2
Giana Erminio,ASD Giana Erminio,2
Gilan Gabala,Gilan Qabala,2
Glenavon,Glenavon Lurgan,2
Gloucester,Gloucester City,2
Gornik Leczna,GKS Bogdanka Leczna,2
Goslarer,Goslarer SC,2
Gosport,Gosport Borough,2
Graafschap,De Graafschap,2
Greenock Morton,Morton,2
Gremio Barueri,Gremio Barueri/SP,2
Gremio Porto Alegre,Gremio,2
GrIFK,Grankulla IFK,2
Grodig,SV Grodig,2
Grotta Seltjarnarnes,Grotta,2
Guadalajara,CD Guadalajara,2
Guangzhou Evergrande,Guangzhou Hengda,2
Guangzhou R and F,Guangzhou Fuli,2
Guarani,Club Guarani,2
Guarani SP,Guarani/SP,2
Gyeongju Hydro and Nuclear Power,Gyeongju KHNP,2
Gyor,Gyori ETO,2
Hacken,BK Hacken,2
Halifax,Halifax Town,2
Halmstad,Halmstads,2
Ham Kam,Ham-Kam,2
Hamburger SV,Hamburger,2
Hangzhou Greentown,Hangzhou Lucheng,2
Hapoel Acco,Hapoel Acre,2
Hapoel Beer Sheva,Hapoel Beer-Sheva,2
Harbin Yiteng,Dalian Aerbin Yiteng,2
Haugesund,Haugesund Fk,2
Havelse,TSV Havelse,2
Hayes and Yeading,Hayes & Yeading,2
Heist,KSK Heist,2
Hercules,Hercules Alicante,2
Hereford,Hereford Utd,2
Hertha BSC,Hertha BSC Berlin,2
HJK Helsinki,JFC Helsinki,2
Hodd,Hodd Il,2
Homburg,FC Homburg,2
Honka,Honka Espoo,2
Hoogstraten,Hoogstraten VV,2
Horn,SV Horn,2
Hoverla,Hoverla Uzhhorod,2
Hrvatski Dragovoljac,Dragovoljac,2
Huddersfield,Huddersfield Town,2
Huddinge,Huddinge IF,2
Hull,Hull City,2
Huls,VfB Huls,2
Icasa,Icasa/CE,2
IFK Goteborg,Goteborg,2
IFK Mariehamn,Mariehamn,2
Ihoud Bnei Sakhnin,Bnei Sakhnin,2
Illertissen,FV Illertissen,2
Illichivets Mariupol,Illichivets,2
Independiente Campo Grande,Independiente FBC,2
Independiente Sangolqui,Independiente del Valle,2
Independiente Santa Fe,Club Santa Fe,2
Instituto,Instituto Cordoba,2
Inti Gas Ayacucho,Ayacucho FC,2
Inverness Caledonian Thistle,Inverness,2
Iraklis,Iraklis Salonika,2
Irtysh Pavlodar,Irtysh,2
Istanbul Basaksehir,Istanbul BB,2
Ivory Coast,Cote D Ivoire,2
Jablonec,Baumit Jablonec,2
Jaen,Real Jaen,2
Jagiellonia Bialystok,Jagiellonia,2
Jazz,Jazz Juniorit,2
JEF United Ichihara Chiba,JEF United Ichihara,2
Jerv,FK Jerv,2
Jihlava,Vysocina Jihlava,2
JJK,JJK Jyvaskyla,2
Jong PSV,Jong PSV Eindhoven,2
Junior,,2
Kalmar FF,Kalmar,2
Kanazawa,Zwiegen Kanazawa,2
Karabakh Agdam,Qarabagh,2
Karlsruhe,Karlsruher,2
Karlstad,Karlstad BK,2
Kasimpasa,Kasimpasa Istanbul,2
Katowice,GKS Katowice,2
Kecskemet,Kecskemeti TE,2
KFUM Kameratene Oslo,KFUM Oslo,2
Khazar Sumgayet,Standard Sumgayit,2
Koblenz,TuS Koblenz,2
Kolding,Kolding BK,2
Konyaspor Kulubu,Konyaspor,2
Koper,Nk Koper,2
Korea Republic,South Korea,2
KPV Kokkola,KPV,2
Kristianstads,Kristianstads FF,2
Kristiansund,Kristiansund BK,2
Krka Novo Mesto,NK Krka,2
Krylya Sovetov Samara,Krylya Sovetov,2
Kryvbas Kryvyi Rih,Kryvbas,2
KTP,KTP Kotka,2
Kuban Krasnodar,Kuban,2
Kukesi,KS Kukesi,2
KuPS Kuopio,KuPS,2
KV Turnhout,Turnhout,2
Kyoto Sanga,Kyoto Purple Sanga,2
Laci,KF Laci,2
LD Universitaria de Loja,Thespakusatsu Gunma,2
LD Universitaria de Quito,LDU Quito,2
Leeds,Leeds United,2
Legia Warsaw,Legia Warsawa,2
Leicester,Leicester City,2
Leiknir,Leiknir Faskr,2
Leon,Club Leon,2
Lierse SK,Lierse,2
Lincoln City,Lincoln,2
Lippstadt,SV Lippstadt,2
LKS Nieciecza,Nieciecza,2
Llagostera,UE Llagostera,2
Lowestoft,Lowestoft Town,2
LPS,LPS Helsinki,2
Luch Energia Vladivostok,Luch Energiya,2
Lugo,CD Lugo,2
Luton,Luton Town,2
Macedonia,FYR Macedonia,2
Mainz 05,FSV Mainz 05,2
Malmo FF,Malmo IFK,2
Man City,Manchester City,2
Man United,Manchester Utd,2
Manisaspor,Vestel Manisaspor,2
Maribor Pivovarna,NK Maribor,2
Mersin Idman Yurdu,Mersin Idmanyurdu,2
Metalist Kharkiv,Metalist,2
Metalurh Donetsk,Metalurg Donetsk,2
Metalurh Zaporizhya,Metalurh Zaporozhya,2
Metta Latvijas Universitate Riga,Metta/LU Riga,2
Milton Keynes,Milton Keynes Dons,2
Monaghan United,Monaghan,2
Monarcas Morelia,Morelia,2
Mons Bergen,Mons,2
Montreal Impact MLS,Montreal Impact,2
Motala,FK Metalac,2
Mouscron Peruwelz,Mouscron-Peruwelz,2
MTK,MTK Budapest,2
Munster,Preusen Munster,2
Mura 05,Mura,2
Myjava,TJ Spartak Myjava,2
Nacional Funchal,Nacional,2
Nagano Parceiro,Parceiro Nagano,2
Nautico Recife,Nautico,2
ND Gorica,NK Gorica,2
Neckarelz,SpVgg Neckarelz,2
Neftchi Baku,Neftchi,2
Nest Sotra Agotnes,Nest Sotra,2
Neuchatel Xamax (Old),Neuchatel Xamax,2
Neumunster,Vfr Neumunster,2
New York City,New York City FC,2
New York Red Bulls,Red Bull New York,2
Newcastle,Newcastle United,2
Nieuwkerken Sint Niklaas,Sint-Niklaas,2
Niki Volou,Niki Volos,2
NK Istra 1961 Pula,NK Istra 1961,2
NK Split,Rnk Split,2
North Ferriby,North Ferriby Utd,2
Northern Ireland U21,Northern Ireland U21,2
O Higgins,O'Higgins,2
OB Odense,Odense,2
Oberhausen,RW Oberhausen,2
Oddevold,IK Oddevold,2
Oeste,Oeste/SP,2
Offenbach,Kickers Offenbach,2
OFI Crete,OFI Creta,2
Okocimski KS Brzesko,Okocimski Brzesko,2
OKS Stomil,Olsztyn,2
Oldenburg,KWS Oudenburg,2
Oldham,Oldham Athletic,2
Oleksandria,Aleksandriya,2
Olimpik Donetsk,Olimpic Donetsk,2
Olimpo Bahia,Club Olimpo,2
Olmedo Riobamba,Olmedo,2
Oostende,KV Oostende,2
OPS,OPS-jp,2
Optik Rathenow,FSV Optik Rathenow,2
Ordabasy Shymkent,Ordabasy,2
Oriental,Clube Oriental,2
Orlando City MLS,Orlando City,2
Oskarshamn,Oskarshamns AIK,2
OSP Lechia Gdansk,Lechia Gdansk,2
Oster IF,Osters IF,2
Paks,Paksi,2
Panaitolikos,Panaitolikos Agrinio,2
Papa,Lombard Papa,2
Paris FC98,Paris FC,2
Paris SG,Paris Saint Germain,2
Patro Maas,Patro Eisden,2
Paysandu SC,Paysandu/PA,2
Pirmasens,FK Pirmasens,2
PK 35,PK-35,2
PK 37,PK-37,2
Platanias,AO Platanias,2
Plzen,Viktoria Plzen,2
Podbeskidzie Bielsko Biala,Podbeskidzie Bielsko-Bial,2
Poire sur Vie,Le Poire,2
Polonia Warsaw,Polonia Warszawa,2
Portland Timbers MLS,Portland Timbers,2
Portuguesa SP,Portuguesa,2
Pumas UNAM,Pumas,2
Puskas Academy,Puskas Akademia,2
Queens Park,Queen's Park,2
Qviding,Qviding FIF,2
Racing Avellaneda,Racing Club,2
Racing Genk,Genk,2
Rad Beograd,FK Rad Belgrade,2
Rangers,Glasgow Rangers,2
Rangers (old),Glasgow Rangers,2
Rangers Talca,Rangers de Talca,2
Rapid Bucharest,Dinamo Bucharest,2
RC Tournai,RFC Tournai,2
Real Vicenza,Real Vicenza VS,2
Real Zaragoza,Real Zaragoza Deportivo Aragon,2
Red Star Belgrade,Crvena Zvezda,2
Regensburg,Jahn Regensburg,2
Rehden,Schwarz-Weiss Rehden,2
Reims,Stade Reims,2
Rentistas,CA Rentistas,2
Revan Baki,Ravan Baku,2
Rijeka,NK Rijeka,2
River Plate Montevideo,CA River Plate,2
RKC Waalwijk,Jong RKC Waalwijk,2
Rodez Aveyron,Rodez,2
Roeselare,Club Roeselare,2
RoPS,Rovaniemi PS,2
Rudar Velenje,NK Rudar Velenje,2
SalPa,SalPa Salo,2
Sampaio Correa,Sampaio Correa/MA,2
San Luis Potosi,Atletico San Luis,2
San Marino FC,San Marino,2
San Martin San Juan,San Martin SJ,2
Sandnes Ulf,Sandnes,2
Sandvikens,Sandvikens IF,2
Sanfrecce Hiroshima,Hiroshima Sanfrecce,2
Sankt Polten,SKN St. Polten Am,2
Santos Guapiles,St Polten,2
Santos Sao Paulo,Santos,2
Sao Caetano,Sao Caetano/SP,2
Sarajevo,FK Sarajevo,2
Sarmiento,Sarmiento Bell Ville,2
Sassari Torres,Torres Calcio,2
Scunthorpe,Scunthorpe Utd,2
SD Galway,Salthill Devon,2
Selfoss,UMF Selfoss,2
Semey Semipalatinsk,Spartak Semey,2
Seongnam Ilhwa,Seongnam FC,2
Sevastopol,Sevastopol PFK,2
Shakhter Karaganda,Shakhtyor Karagandy,2
Shakhtyor Soligorsk,Shakhter Soligorsk,2
Shanghai East Asia,ShangHai SIPG,2
Sheffield United,Sheffield Utd,2
Sheffield Wednesday,Sheffield Wed,2
Shimizu S Pulse,Shimizu S-Pulse,2
Shirak Gyumri,Shirak Gjumri,2
Shrewsbury,Shrewsbury Town,2
Siena,Robur Siena,2
Sint Truiden,Sint-Truidense VV,2
Sirius,Sirius Ik,2
Sivasspor,Sivaspor Taraftar,2
SJK Seinajoki,SJK Seinajoen,2
Skeid,Skeid Oslo,2
Skive,Skive IK,2
Skovde,IFK Skovde,2
Slavia Prague,Slavia Praha,2
Sleipner,IK Sleipner,2
Sligo Rovers,Sligo,2
Slovan Bratislava,Slovan,2
Southend,Southend Utd,2
Speranta,Speranta Crihana,2
Spfr Siegen,Sportfreunde Siegen,2
Sport Recife,Sport Club Recife,2
Sporting Braga,Sporting Praia,2
Sporting Charleroi,Charleroi,2
Sporting Covilha,Covilha,2
Sporting Cristal Lima,Sporting Cristal,2
St Etienne,Saint Etienne,2
St Patricks Athletic,St Patricks,2
Staines,Staines Town,2
Steaua Bucharest,Steaua Bucuresti,2
Stoke,Stoke City,2
Strongest,The Strongest,2
Sudtirol Alto Adige Bolzano,Sudtirol,2
Swansea,Swansea City,2
Swindon Town,Swindon,2
Syrianska FC,Syrianska,2
Syrianska Kerburan,Syrianska IF Kerbura,2
Tallinna Infonet,Infonet,2
Taraz,FK Taraz,2
Tauras Erra Taurage,Tauras Taurage,2
Telford United,Telford,2
Telstar,SC Telstar,2
Terek Grozny,Terek-2 Groznyi,2
Thespakusatsu Gunma,Thespa Kusatsu Gunma,2
Tienen,KVK Tienen,2
Tigres UANL,Tigres,2
Tindastoll,UMF Tindastoll,2
TNS Llansantffraid,The New Saints,2
Tobyl Kostanai,Tobol Kostanay,2
Tochigi,Tochigi SC,2
Tokyo Verdy 1969,Tokyo Verdy,2
Tom Tomsk,Tomsk,2
Tondela,CD Tondela,2
Toronto,Toronto FC,2
Torquay,Torquay Utd,2
Tottenham,Tottenham Hotspur,2
TPS,TPS Turku,2
TPV,TPV Tampere,2
Trapani Calcio,Trapani,2
Trier,Eintracht Trier,2
Tskhinvali,Spartaki Tskhinvali,2
Turnovo,Horizont Turnovo,2
Turnu Severin,CS Turnu Severin,2
Twente,Jong Twente,2
UCD,UCD Dublin,2
Uddevalla,IFK Uddevalla,2
Uerdingen,KFC Uerdingen 05,2
Ullensaker Kisa,Ull Kisa,2
Ulsan Horang,Ulsan Hyundai,2
Ulsan Mipo Dockyard,Uisan Mipo,2
Ulysses Yerevan,Ulysses,2
Uniao Leiria,Leiria,2
Union Deportivo Las Palmas,Las Palmas,2
Universidad Catolica del Ecuador,Catolica Quito,2
Universidad Cesar Vallejo,Cesar Vallejo,2
Universidad Costa Rica,Universidad CR,2
Universidad Guadalajara,U.de Guadalajara,2
Universidad San Martin,Univ San Martin,2
Universitario Lima,Universitario Deportes,2
Ural Sverdlovsk region,FK Ural,2
Urawa Red Diamonds,1461 Trabzonspor,2
Utsikten,Utsiktens BK,2
Vancouver Whitecaps MLS,Vancouver Whitecaps,2
Varazdin,Varteks Varazdin,2
Vardar Skopje,Vardar,2
Varen Nagasaki,V-Varen Nagasaki,2
Vasalund,Vasalund Essinge IF,2
Vasteras,Vasteras SK,2
Veendam,BV Veendam,2
Velbert,SSVG Velbert,2
Ventforet Kofu,Vanforre Kofu,2
Verl,AD Caravaca Vera Cruz,2
Videoton Fehervar,Videoton,2
Vikingur Reykjavik,Vikingur,2
Viktoria 1889 Berlin,FC Viktoria 1889 Berlin,2
Vila Nova GO,,2
Virtus Entella,ACD Virtus Entella,2
Vointa Sibiu,CSU Vointa Sibiu,2
Vojvodina Novi Sad,Vojvodina,2
Volyn,Volyn Lutsk,2
Vorskla Poltava,Vorskla,2
Vostok Ust Kgorsk,Vostok Oskemen,2
VPS,VPS Vaasa,2
VVV Venlo,Venlo,2
Waasland Beveren,RS Waasland Beveren,2
Wacker Burghausen,Wacher Burghausen,2
Wattens,WSG Wattens,2
Welling United,Welling,2
West Bromwich,West Brom,2
Western Sydney,Western Sydney,2
Wetteren,Standard Wetteren,2
Wiedenbruck,SC Wiedenbruck,2
Wil 1900,FC Wil,2
WIT Georgia Tblisi,WIT Georgia,2
Worms,VfR Wormatia Worms ,2
Wuppertal,Wuppertaler SV,2
Xerez,Xerez Deportivo,2
Xoloitcuintles Club Tijuana,Club Tijuana,2
Yeovil,Yeovil Town,2
Yokohama F Marinos,Yokohama Marinos,2
Yokohama FC,Yokohama,2
York,York City,2
Young Boys Bern,Young Boys,2
Zawisza Bydgoszcz,Zawisza,2
Zeta Golubovci,Zeta,2
Zhetysu Taldykorgan,Zhetysu,2
Znojmo,SC Znojmo,2
Zorya Luhansk,Zorya,2
Zweibrucken,SVN Zweibrucken,2
